gdp.trillions,cement.imports.billions
2,0.4019249
2.05132,0.3957969
2.117807,0.4203297
2.21658,0.459539
2.233002,0.4397102
2.388326,0.4980864
2.427764,0.4949906
2.566075,0.5340344
2.648952,0.5489615
2.5813,0.5121134