"advertising.spend","revenue"
10,131.924919064851
20,145.532981936665
30,186.768194659524
40,236.222961165249
50,243.109758764036
60,300.421222226149
70,319.437791119029
80,360.819268787991
90,389.171172787833
100,395.851877604071
