"advertising.spend","revenue"
110,397.605258624319
120,408.709092870783
130,419.749012052589
140,418.10314742917
150,427.146544691167
160,437.01381174377
170,439.09017115091
180,450.29971075013
190,454.119905242399
200,453.361474539207
