"store.size","sales"
8000,35.9875983461828
9000,39.2596259373233
10000,41.6811105803701
11000,47.3775983241096
12000,46.7347100136816
13000,52.5979463458483
14000,53.3774825868128
15000,56.3939953044787
16000,58.4580257728735
17000,64.7104429281208
18000,67.1905837903082
